date,guess,color,answer,words
10-23-2024,1,"b,b,b,b",blue ___,"jay,jeans,moon,whale"
10-23-2024,2,"g,g,g,g",green ___,"beret,goblin,salad,thumb"
10-23-2024,3,"y,y,y,y",yellow ___,"cab,jacket,journalism,pages"
10-23-2024,4,"p,p,p,p",purple ___,"haze,heart,prose,rain"
10-24-2024,1,"y,y,y,y",lineup,"bill,program,schedule,slate"
10-24-2024,2,"g,g,g,g",NYT offerings,"audio,cooking,games,news"
10-24-2024,3,"b,b,b,b",things made by folding paper,"airplane,crane,fan,fortune teller"
10-24-2024,4,"p,p,p,p",french words,"adieu,belle,pain,temps"
10-25-2024,1,"p,p,p,p",pan,"bad review,camera movement,cookware,satyr"
10-25-2024,2,"b,b,b,b",iphone message tapback,"exclamation points,heart,question mark,thumbs up"
10-25-2024,3,"y,g,y,y",,"period,ball,dot,point"
10-25-2024,4,"y,y,y,y",•,"dot,period,point,tittle"
10-25-2024,5,"g,g,g,g",event with dancing,"ball,formal,hop,rave"
10-26-2024,1,"b,b,b,b",places to lie/sit that move,"cradle,hammock,rocker,swing"
10-26-2024,2,"g,g,g,g",series of messages,"chain,chat,conversation,thread"
10-26-2024,3,"p,p,p,p",cylinder-shaped things,"can,roller,silo,spool"
10-26-2024,4,"y,y,y,y",fluster,"faze,rattle,ruffle,throw"
10-27-2024,1,"p,p,p,p",,"prince,mermaid,tramp,rascals"
10-27-2024,2,"y,y,y,y",,"fresh,cute,wise,smart"
10-27-2024,3,"b,g,b,b",,"bel,air,bar,lux"
10-27-2024,4,"g,g,g,g",,"air,quality,mood,feeling"
10-27-2024,5,"b,b,b,b",,"bel,bar,lux,mole"
10-28-2024,1,"y,y,y,y",audio apps,"shazam,audible,tidal,pandora"
10-28-2024,2,"b,p,p,g",,"love,please,thank you,signify"
10-28-2024,3,"b,b,b,b",church of england wedding vow verbs,"love,hold,have,cherish"
10-28-2024,4,"g,g,g,g",indicate,"spell,mean,signify,suggest"
10-28-2024,5,"p,p,p,p",magic words,"please,presto,thank you,abracadabra"
10-29-2024,1,"g,g,b,g",,"fellow,resident,countryman,intern"
10-29-2024,2,"y,y,p,y",,"new,original,perfect,mint"
10-29-2024,3,"y,p,y,y",,"original,perfect,mint,unused"
10-29-2024,4,"y,y,y,y",in prestine condition,"new,original,mint,unused"
10-29-2024,5,"g,g,g,g",medical roles,"fellow,attending,resident,intern"
10-29-2024,6,"p,p,p,p",___ square,"times,town,pocket,perfect"
10-29-2024,7,"b,b,b,b","singular noun in a famous ""julius caesar"" line","roman,ear,friend,countryman"
10-30-2024,1,"g,g,g,g",things with wheels,"dolly,rollerblade,skateboard,wagon"
10-30-2024,2,"y,y,y,y",upswing,"boom,rise,spike,surge"
10-30-2024,3,"b,b,b,b",kinds of tape,"duct,electrical,gaffer,packing"
10-30-2024,4,"p,p,p,p",retail chains with a letter changed,"best boy, idea, kroner, stables"
10-31-2024,1,"p,p,y,p",,"witch,job,treasure,scavenger"
10-31-2024,2,"p,p,p,p",___ hunt,"egg,witch,job,scavenger"
10-31-2024,3,"g,g,g,g",things you can do with your eyelids,"bat,blink,flutter,wink"
10-31-2024,4,"y,y,y,y",terms of endearment,"love,pumpkin,treasure,darling"
10-31-2024,5,"b,b,b,b",sports cars,"spider,diablo,viper,mustang"
11-01-2024,1,"p,p,p,p",___ effect,"domino,butterfly,halo,placebo"
11-01-2024,2,"b,b,g,g",,"ball,curl,bottle,can"
11-01-2024,3,"y,y,y,y",progress slowly,"drag,crawl,inch,creep"
11-01-2024,4,"b,b,b,g",,"ball,curl,puff,bottle"
11-01-2024,5,"g,g,g,g",ways to order a beer,"draft,bottle,tap,can"
11-01-2024,6,"b,b,b,b",cheesy corn snack unit,"doodle,ball,curl,puff"
11-02-2024,1,"g,g,g,g",group of advisors,"board,panel,cabinet,council"
11-02-2024,2,"y,y,y,y",seen in a kitchen,"sink,range,counter,fridge"
11-02-2024,3,"p,b,b,b",,"drop,plank,crunch,mountain climber"
11-02-2024,4,"b,b,b,p",,"plank,crunch,mountain climber,hoop"
11-02-2024,5,"p,p,p,p",kinds of earrings,"drop,stud,chandelier,hoop"
11-02-2024,6,"b,b,b,b",core exercises,"plank,boat,crunch,mountain climber"
11-03-2024,1,"g,g,g,g",sneaking suspicion,"feeling,hunch,impression,sense"
11-03-2024,2,"b,b,b,b",legal session,"hearing,inquiry,proceeding,trial"
11-03-2024,3,"y,y,y,y",heartwarming,"moving,sweet,tender,touching"
11-03-2024,4,"p,p,p,p",easy ___,"chair,listening,money,street"
11-04-2024,1,"b,b,b,b",furniture,"chest,console,vanity,wardrobe"
11-04-2024,2,"y,y,y,y",equip,"furnish,outfit,provision,stock"
11-04-2024,3,"g,g,g,g",individuality,"being,character,ego,self"
11-04-2024,4,"p,p,p,p",words with apostrophes removed,"cant,id,shell,were"
11-05-2024,1,"p,b,b,b",,"kingdom,ogre,princess,donkey"
11-05-2024,2,"b,b,b,b",figures in shrek,"donkey,dragon,ogre,princess"
11-05-2024,3,"p,p,g,y",,"mushroom,kingdom,turtle,peach"
11-05-2024,4,"g,g,g,g",things with shells,"clam,egg,nut,turtle"
11-05-2024,5,"y,y,y,y",things that are fuzzy,"caterpillar,fleece,peach,pipe cleaner"
11-05-2024,6,"p,p,p,p",magic ___,"carpet,kingdom,marker,mushroom"
11-06-2024,1,"y,y,y,y",dvr buttons,"pause,play,record,stop"
11-06-2024,2,"g,g,g,g",groundbreaking,"different,new,novel,original"
11-06-2024,3,"b,b,b,b",communicate through writing,"correspond,message,text,write"
11-06-2024,4,"p,p,p,p",things with feet,"biped,furniture,poem,yardstick"
11-07-2024,1,"g,g,g,g",public standing,"character,image,name,reputation"
11-07-2024,2,"y,y,y,y",food-related jumbles,"hash,salad,scrambles,stew"
11-07-2024,3,"p,p,p,p",anagrams of famous painters,"dial,egads,monte,yoga"
11-07-2024,4,"b,b,b,b",info on a museum placard,"artist,medium,title,year"
11-08-2024,1,"y,b,b,y",,"exploit,adult,suggestive,stunt"
11-08-2024,2,"b,g,g,g",,"spicy,sweet,dill,kosher"
11-08-2024,3,"b,y,b,b",,"spicy,exploit,adult,suggestive"
11-08-2024,4,"p,y,g,g",,"mustard,caper,dill,kosher"
11-09-2024,1,"g,g,g,g",smallest amount,"lick,ounce,shred,trace"
11-09-2024,2,"b,b,b,b",algebra terms,"exponent,power,radical,root"
11-09-2024,3,"y,y,y,y",contorted,"bent,gnarly,twisted,warped"
11-09-2024,4,"p,p,p,p","words before ""room"" to mean lavatory","bath,powder,rest,throne"
11-10-2024,1,"y,y,y,y",barrel-shaped container,"cask,cylinder,drum,tank"
11-10-2024,2,"b,b,b,b",n.f.l. team member,"cowboy,jet,ram,raven"
11-10-2024,3,"g,g,g,g",guide,"pilot,shepherd,steer,usher"
11-10-2024,4,"p,p,p,p",things that swing,"golfer,pendulum,saloon doors,swing"
11-11-2024,1,"g,g,g,g",gist,"substance,thrust,meat,core"
11-11-2024,2,"b,p,y,p",,"demi,big,mars,lady"
11-11-2024,3,"y,p,b,p",,"crunch,big,sports,lady"
11-11-2024,4,"y,p,y,y",,"crunch,big,mars,payday"
11-11-2024,5,"y,y,y,p",,"crunch,mars,payday,lady"
11-12-2024,1,"b,p,y,y",,"ram,robe,crab,carp"
11-12-2024,2,"g,g,g,g",vegetable unit,"clove,spear,stalk,floret"
11-12-2024,3,"y,p,b,p",,"crab,sword,speed,blindfold"
11-12-2024,4,"p,y,p,y",,"robe,crab,sword,carp"
11-12-2024,5,"p,y,p,y",,"robe,bellyache,blindfold,grumble"
11-13-2024,1,"g,g,g,g",building add-ons,"wing,addition,extension,annex"
11-13-2024,2,"y,p,b,y",,"mustard,worcestershire,tartar,lemon"
11-13-2024,3,"y,y,y,y",things that are yellow,"mustard,lemon,minion,canary"
11-13-2024,4,"p,p,b,p",,"worcestershire,colonel,plaque,pharaoh"
11-13-2024,5,"p,p,p,p",words that seem longer written than spoken,"wednesday,worcestershire,colonel,pharaoh"
11-13-2024,6,"b,b,b,b",concerns for a dentist,"tartar,calculus,plaque,cavity"
11-14-2024,1,"b,b,b,b",words on a restaurant receipt,"signature,tax,tip,total"
11-14-2024,2,"g,g,g,g",play music with a passion,"groove,jam,rock,shred"
11-14-2024,3,"y,y,y,y",deplete,"drain,empty,exhaust,sap"
11-14-2024,4,"p,p,p,p",forms of sugar,"cube,grain,powder,syrup"